<?xml version="1.0" encoding="UTF-8"?>
<project-private xmlns="http://www.netbeans.org/ns/project-private/1">
    <editor-bookmarks xmlns="http://www.netbeans.org/ns/editor-bookmarks/2" lastBookmarkId="0"/>
    <open-files xmlns="http://www.netbeans.org/ns/projectui-open-files/2">
        <group>
            <file>file:/Users/macbook/Documents/Universidad/Tercer%20Cuatrimestre/Estructura%20de%20datos/Proyecto/ProyectoEstructuraDatos_G8/ProyectoG8/src/proyectog8/main.java</file>
            <file>file:/Users/macbook/Documents/Universidad/Tercer%20Cuatrimestre/Estructura%20de%20datos/Proyecto/ProyectoEstructuraDatos_G8/ProyectoG8/src/proyectog8/listaEvento.java</file>
            <file>file:/Users/macbook/Documents/Universidad/Tercer%20Cuatrimestre/Estructura%20de%20datos/Proyecto/ProyectoEstructuraDatos_G8/ProyectoG8/src/proyectog8/nodoEvento.java</file>
            <file>file:/Users/macbook/Documents/Universidad/Tercer%20Cuatrimestre/Estructura%20de%20datos/Proyecto/ProyectoEstructuraDatos_G8/ProyectoG8/src/proyectog8/Evento.java</file>
        </group>
    </open-files>
</project-private>
